balance,duration,marital
1787,79,1
4789,220,1
1350,185,0
1476,199,1
0,226,1
747,141,0
307,341,1
147,151,1
221,57,1
-88,313,1
9374,273,1
264,113,1
1109,328,1
502,261,0
360,89,1
194,189,1
4073,239,1
2317,114,0
-221,250,0
132,148,1
0,96,2
16,140,2
106,109,0
93,125,1
543,169,1
5883,182,1
627,247,1
696,119,1
784,149,1
105,74,1
4189,897,2
171,81,1
42,40,1
2536,958,0
1235,354,1
1811,150,2
229,97,2
2089,132,1
3935,765,1
363,16,0
11971,609,0
553,106,0
1117,365,1
396,205,1
2204,11,0
872,105,0
145,59,1
0,425,1
-849,204,0
4629,181,1
844,1018,2
228,1740,0
50,98,0
1539,441,1
2231,272,1
3064,159,1
82,140,1
2155,295,0
101,314,0
784,579,2
-516,554,1
415,323,1
5887,227,1
1355,134,1
16873,223,1
203,134,2
338,155,1
444,130,1
0,630,1
360,164,0
0,268,1
2,380,2
6248,154,0
412,154,1
344,221,1
3222,67,2
174,367,2
591,87,0
388,701,2
219,204,1
451,652,2
5,63,1
177,150,0
657,398,1
1315,224,1
1466,406,1
879,60,0
293,521,0
424,279,1
1831,203,1
111,201,1
455,372,1
-195,391,0
3616,165,0
14093,231,1
1567,291,0
5426,149,1
261,233,0
2843,473,2
406,736,0
0,337,1
493,553,0
5996,345,1
3777,65,0
524,9,0
574,259,0
427,371,1
483,280,1
3391,243,1
0,435,1
2488,258,0
1517,7,1
217,317,1
22,76,0
331,170,0
505,386,0
1808,83,1
4111,65,0
52,69,1
25,564,2
1890,588,2
419,113,1
2693,16,1
-231,779,1
-55,281,0
462,1877,0
119,51,0
586,32,0
228,176,0
4659,161,2
168,187,1
0,24,1
-715,67,1
0,85,1
769,317,0
0,236,0
428,54,0
0,71,0
-970,489,1
6313,39,1
948,204,2
0,455,0
1877,86,2
874,190,0
323,280,1
106,588,1
1906,45,1
1152,168,1
179,194,1
391,103,0
89,333,1
442,102,0
-249,92,2
8104,213,1
501,289,1
308,77,2
602,324,1
273,84,1
50,168,0
1641,380,1
20,10,1
4590,199,0
-256,35,0
978,82,1
80,676,0
2104,455,0
499,80,1
1269,549,2
310,135,1
1143,412,0
2980,101,1
37,253,0
462,272,0
1031,84,1
9009,135,1
-465,166,1
5181,18,1
176,147,1
1699,63,1
0,65,1
172,194,0
0,333,0
6979,14,0
6,140,2
-62,109,1
1972,61,1
899,377,1
21,96,0
23,152,1
-1206,382,1
0,97,1
215,543,1
1372,240,0
1981,48,1
9216,471,0
39,354,2
5563,435,0
1,152,1
782,285,1
3771,185,1
992,301,0
1526,273,1
2658,768,0
1315,1337,2
455,403,0
0,139,0
2030,196,1
1599,115,1
-196,60,0
1333,17,1
9149,141,0
-350,95,0
432,10,1
11494,198,1
-253,220,1
372,654,1
1410,71,1
975,256,1
305,834,1
400,151,1
-22,20,1
4030,178,1
365,59,1
204,111,1
1691,186,1
406,227,0
-204,297,1
359,210,1
123,9,1
0,112,1
142,112,1
3571,222,1
33,195,0
0,768,0
3096,123,0
20,145,2
3576,124,1
206,216,1
7082,69,1
1634,168,1
1,483,0
4012,690,1
3762,125,1
-247,344,1
606,673,1
0,60,1
-189,247,1
0,123,0
484,144,1
0,9,1
395,155,1
2349,134,1
410,221,2
3401,84,1
222,71,1
989,246,1
415,361,1
16,119,0
7190,375,2
482,1097,0
209,97,1
0,181,0
5803,83,0
624,180,1
883,543,1
1516,373,1
872,230,0
-988,83,1
902,58,0
1007,88,2
0,297,1
174,487,0
12186,29,1
524,484,1
0,262,0
4,644,1
11219,699,1
0,247,0
5776,49,1
37,341,2
593,64,1
1148,121,1
3561,98,0
63,88,2
260,197,1
2269,331,0
1060,83,1
-220,138,1
49,312,1
69,120,1
4108,526,1
480,211,1
4994,62,1
0,135,2
3681,101,1
-701,988,2
451,451,1
-311,1030,2
593,1484,1
759,317,1
4531,445,2
1840,383,2
345,605,1
1287,330,1
353,171,1
205,442,1
687,772,1
1147,249,1
4286,357,1
605,147,1
8545,199,1
559,271,1
2,783,0
2,472,1
760,223,0
1317,395,1
182,56,1
276,641,1
2971,429,1
1064,113,0
1783,11,1
-67,157,1
179,79,0
1199,178,1
214,168,1
6699,425,1
1760,162,1
145,799,0
978,1370,1
1150,357,0
121,22,1
828,215,0
244,56,1
228,1017,1
424,298,0
447,126,2
-195,9,1
1410,8,0
1084,201,1
10924,106,2
832,164,1
478,97,1
0,151,0
3950,96,0
504,555,0
219,270,0
1602,339,1
2587,328,1
0,159,1
2303,323,1
1660,342,1
32,180,1
278,60,1
4,223,1
318,1434,1
209,30,0
271,134,1
3196,10,0
4099,397,2
2572,620,0
339,6,0
0,209,1
395,419,1
2039,283,1
5450,188,1
780,267,0
0,196,0
8436,245,0
11262,323,0
946,1065,1
497,138,1
55,207,1
-140,456,1
-379,261,1
-396,80,1
0,131,0
733,94,1
393,567,1
7290,153,2
468,109,0
0,53,1
3705,77,1
9676,234,1
1328,121,1
8,155,1
61,108,1
6613,159,1
302,208,1
1005,215,1
109,597,1
1240,505,0
0,380,0
2923,120,1
0,106,1
43,332,1
288,221,1
613,80,1
6101,60,0
168,212,1
7685,493,1
4515,98,2
517,681,0
148,203,0
-285,157,1
887,287,1
3098,159,1
744,125,1
130,202,1
438,37,1
0,161,1
322,72,1
186,342,0
3810,262,2
0,325,1
4380,223,1
755,1212,2
2070,319,0
999,182,0
167,330,1
1322,514,1
1076,213,2
502,551,1
1216,472,0
876,140,0
342,142,0
950,135,0
973,293,1
3825,107,1
2366,127,1
542,1816,1
995,200,1
20,418,1
228,387,0
130,156,1
217,121,1
0,108,2
259,47,1
619,16,0
644,54,1
22,265,1
4303,168,2
239,115,0
275,31,0
1221,279,1
816,28,1
1222,369,1
2363,247,1
2262,155,1
2,89,1
2,180,1
4508,854,1
-402,46,2
1577,266,1
34,321,1
795,99,1
117,147,1
5462,430,0
402,264,0
641,156,0
36,118,2
383,343,1
283,226,1
0,5,2
3102,138,2
889,185,1
0,722,1
-370,748,1
-606,142,1
10378,523,0
1313,8,0
8969,153,1
-196,210,1
15,121,1
4608,212,1
666,253,1
452,139,1
149,71,1
7802,421,1
1453,199,1
1480,108,1
715,247,0
237,236,0
694,97,1
0,109,1
55,112,1
136,15,1
-404,502,2
779,30,1
1187,193,0
641,347,1
826,468,1
991,148,2
1796,295,1
22,388,1
244,1735,0
1328,339,2
7317,172,1
4943,117,0
258,587,0
515,501,0
12607,203,0
2,282,1
13,110,1
103,104,0
3872,231,1
296,378,1
217,193,0
360,110,2
428,92,0
315,1407,0
121,168,1
820,738,1
195,220,1
108,89,2
-381,30,1
757,103,2
691,70,1
1925,904,1
902,159,1
5207,336,1
0,220,1
665,238,1
738,585,2
233,293,1
-839,68,1
5799,97,1
1033,1713,1
66,218,2
2567,109,1
1584,661,1
182,145,0
76,54,1
663,111,0
3455,566,2
15,136,1
1054,273,1
1529,160,1
63,76,0
0,44,1
920,239,1
3696,250,0
59,792,0
0,198,1
157,73,1
2465,157,1
0,90,1
2,236,1
0,118,1
12437,40,0
378,346,0
211,200,1
-228,187,1
2747,113,1
1932,192,1
11269,92,0
1314,682,1
2275,139,1
1304,501,0
720,651,1
2914,405,2
1464,350,1
11555,125,0
-302,36,1
2497,35,1
-339,389,1
56,194,1
211,168,0
3611,347,2
0,3025,1
459,83,0
242,332,1
1138,219,1
1319,427,1
1,65,1
67,192,2
937,155,1
0,161,1
-558,533,1
171,19,1
696,193,0
361,819,1
227,278,0
236,211,1
-53,617,0
192,61,1
38,197,2
518,34,0
16,95,1
-256,147,1
105,668,1
334,87,1
1048,405,1
108,83,1
660,115,1
0,108,0
1034,113,1
201,58,1
189,148,1
-49,188,2
1413,75,2
264,523,2
54,103,1
12519,146,1
2881,356,0
0,71,1
88,189,1
1020,251,1
119,127,2
1594,197,0
342,84,1
72,141,0
14,171,1
81,262,0
231,352,1
1161,236,1
-45,184,1
231,568,0
36,105,0
1570,260,1
7050,222,1
3704,447,1
6619,239,0
-84,426,0
1509,333,0
1134,174,1
146,284,1
9449,428,0
374,236,1
88,150,1
2764,237,1
2,1031,0
8023,107,1
289,45,1
0,140,1
1382,700,2
280,155,2
2195,211,2
33,165,1
275,144,2
703,590,0
887,43,2
0,471,1
1178,295,0
2763,526,1
890,27,0
548,1181,1
272,103,1
6269,249,2
178,231,1
252,123,1
23663,199,0
81,197,0
59,67,2
1343,220,1
225,122,1
0,104,1
2538,307,2
43,117,1
57,253,1
-117,770,1
666,190,2
0,767,0
25,232,0
1034,854,1
324,293,0
0,986,1
0,66,1
621,114,1
138,205,2
4063,31,1
11084,113,1
310,200,1
73,158,1
1808,99,1
1281,45,2
64,239,1
2,168,0
60,196,1
133,319,0
3706,209,1
174,184,0
251,156,1
4153,35,1
985,88,0
168,347,0
1550,126,1
7708,157,1
-12,212,1
6483,123,1
60,306,0
3339,63,0
1161,119,0
599,29,0
28,117,1
1430,231,1
35,123,1
6000,265,1
0,144,1
340,559,0
0,74,1
3,183,1
445,631,0
874,1282,2
705,108,1
1033,1199,1
1354,736,2
123,264,0
8894,262,1
429,244,1
14752,107,1
67,9,1
39,149,2
102,321,0
1790,224,0
15311,157,0
-635,250,0
115,209,1
10786,111,1
498,55,1
1045,290,1
810,383,1
-162,380,0
55,124,1
586,224,1
455,240,0
1010,385,1
509,133,0
2929,91,0
3071,63,1
153,192,0
1146,91,0
1092,79,1
3463,96,1
1158,25,1
26,227,0
566,110,0
204,134,2
480,213,1
1855,75,0
1034,109,1
3250,162,1
1633,275,0
0,154,1
3334,632,1
4020,251,1
66,141,1
-41,154,0
322,63,1
2643,259,1
49,100,2
1,17,2
3098,192,1
352,97,1
65,41,1
1949,200,1
739,91,0
1167,264,1
231,397,1
1136,86,1
233,446,1
817,304,1
1128,88,0
1831,86,0
450,63,0
0,335,1
414,293,2
1052,227,1
1022,146,0
343,276,1
1944,238,1
-32,14,0
1781,144,1
350,367,0
2,132,1
111,42,0
168,227,2
3,40,0
102,614,0
0,270,1
159,15,1
1134,304,1
352,79,1
865,101,1
179,55,1
5,205,0
-230,259,1
0,60,2
3924,122,1
764,557,1
511,42,2
4348,373,0
3016,80,1
279,239,0
1405,29,2
908,1663,0
162,186,0
792,430,2
111,58,1
1281,279,0
1012,332,2
2881,510,1
445,218,0
643,74,1
254,676,0
-1212,1259,1
2125,285,1
629,298,2
-202,225,1
271,80,0
703,342,1
-216,404,1
88,332,2
16,158,0
466,164,1
-75,57,1
456,121,1
77,56,1
-244,178,0
1209,283,0
58,113,1
421,22,1
112,159,0
13669,138,1
1429,1015,1
794,182,1
1957,112,0
454,114,1
882,80,0
168,66,1
714,135,0
0,99,0
1996,761,1
163,464,1
3190,20,1
1772,206,1
-151,283,0
16,64,1
7066,667,0
454,73,0
4798,156,1
-298,559,0
439,143,1
1927,62,2
671,219,0
65,15,0
-932,567,1
4366,188,0
0,159,1
4900,121,1
976,345,2
148,717,1
5,71,1
-148,144,1
113,38,2
-105,60,1
624,336,2
-1680,92,1
-461,254,1
144,104,0
4,74,2
309,156,1
866,146,1
1020,882,0
489,84,1
8167,114,1
-255,957,0
3671,67,1
636,211,2
141,299,1
150,102,1
839,225,1
26965,654,0
716,234,0
2485,48,0
15030,167,0
11303,500,1
595,22,1
19358,258,0
203,177,0
183,62,0
255,457,0
102,460,0
94,184,2
58,119,1
606,77,1
0,107,1
65,1028,1
338,87,1
757,315,1
9269,107,1
1206,201,1
882,94,0
5291,192,0
61,185,0
0,77,1
1407,142,1
25,381,0
1354,222,1
793,106,1
10287,117,2
5235,67,0
3,45,0
409,643,0
35,76,1
-459,508,1
198,128,0
99,193,1
60,172,1
3485,142,0
-139,492,1
952,140,1
1427,140,1
1017,257,0
-29,41,1
9,91,2
4040,132,1
13,284,1
1259,184,0
18,225,1
-76,241,1
221,79,0
136,156,1
16353,223,1
-63,198,1
7353,536,1
511,304,1
3913,196,1
1097,298,2
6102,86,2
340,186,2
-119,167,1
2993,24,1
3575,74,2
361,601,1
1072,1168,1
2904,277,1
1790,748,2
86,364,1
1633,229,1
8312,43,1
172,177,2
0,262,1
222,317,1
109,402,1
1451,314,1
1066,109,1
3163,56,1
888,169,0
428,127,0
106,175,2
0,56,2
979,123,1
2662,148,1
84,231,0
5920,255,2
816,37,0
3276,106,0
2,95,2
-51,134,0
3315,820,0
196,116,1
552,463,1
2347,603,1
3723,47,0
255,126,2
3143,421,0
0,174,1
6411,144,1
1909,191,0
3873,222,1
1013,206,1
262,74,1
3217,24,0
5436,7,0
2067,493,1
215,350,0
1594,250,2
134,86,1
262,371,2
3021,419,2
388,2087,2
3412,22,0
1291,266,1
79,191,2
2013,222,1
543,264,2
1016,184,2
604,95,0
525,127,0
353,395,2
964,174,1
3913,124,1
879,102,1
314,279,1
0,76,1
1370,472,1
37,84,1
673,271,0
-342,754,1
291,172,0
209,375,1
438,130,0
1242,303,0
355,261,1
204,229,1
10758,288,1
5,219,1
410,891,0
605,204,1
4,19,1
8494,158,0
198,314,1
841,215,1
8,169,1
470,101,1
520,15,1
439,260,1
-454,558,1
466,287,1
665,371,1
994,149,1
5346,187,1
1243,32,1
0,138,1
2357,228,1
1044,353,1
1069,45,1
231,76,0
0,144,1
266,168,1
-70,140,1
25824,94,0
538,118,0
534,382,0
2323,111,1
1852,298,1
2647,121,1
2767,317,1
176,42,1
9720,81,0
1613,296,2
2903,259,2
81,121,0
780,432,1
178,126,1
299,120,1
285,136,1
872,1130,1
1337,330,1
72,305,1
0,332,1
-388,412,1
11,157,1
-535,71,2
787,297,2
3343,307,0
3904,250,1
736,119,0
1390,116,1
808,274,1
1147,389,1
1122,143,1
-568,860,1
1165,420,1
-905,213,2
0,756,1
740,259,1
8262,201,1
14,19,0
7108,53,0
1049,224,1
0,57,1
419,251,1
726,39,0
594,54,2
454,28,1
2206,104,1
1988,164,1
0,268,0
202,148,2
667,228,1
112,139,1
50,89,1
768,250,1
74,106,2
661,968,1
3025,168,1
751,408,1
416,56,0
14,55,1
-502,76,0
0,72,1
599,99,1
-218,13,0
1012,178,0
300,287,1
217,141,1
2096,127,2
0,69,0
5278,763,1
1831,122,1
1480,143,1
7289,316,1
1665,89,1
851,151,0
2885,40,1
137,5,1
1239,90,0
146,50,0
1,159,1
-10,369,2
480,344,1
2789,256,1
3897,298,0
487,268,2
5110,231,1
318,4,1
-411,78,0
4820,419,1
4937,421,0
725,105,1
5403,42,1
4089,114,1
188,286,1
189,238,1
2998,91,2
610,766,1
787,92,0
167,211,2
243,160,0
877,166,1
2817,195,0
4567,106,2
127,85,0
176,78,1
0,648,1
1482,177,0
3052,32,1
56,24,2
278,688,2
3875,21,0
-337,112,1
366,593,2
501,59,1
998,121,1
0,97,1
246,86,1
-182,10,1
446,205,0
1173,77,1
5957,138,2
205,289,1
0,86,1
369,9,2
1934,225,1
259,407,0
284,1030,1
23,123,1
1373,119,0
62,175,0
157,299,2
991,563,0
186,241,1
977,52,1
2893,76,0
1897,441,1
5514,319,0
889,13,1
273,803,1
1193,396,1
2729,188,1
0,637,0
230,175,1
2729,945,0
317,162,1
517,1178,1
-470,506,1
4579,409,0
1,116,2
5106,244,1
636,352,1
1076,152,1
126,164,1
-33,234,1
430,154,1
-6,566,1
383,327,1
130,265,1
2569,172,1
201,257,0
0,618,2
6,241,1
475,936,0
706,329,0
1825,24,1
185,177,1
4415,120,1
679,135,1
320,175,2
2988,179,0
1407,58,1
1270,342,1
654,139,2
5173,88,1
3463,210,1
0,731,1
6016,670,1
177,63,1
3694,70,1
1640,72,0
174,241,2
10177,272,0
490,207,0
2576,64,1
0,543,1
598,166,0
15459,245,0
271,94,1
2508,34,1
320,203,1
640,318,1
1772,158,1
15,177,0
2370,56,2
201,172,0
160,136,1
5,82,2
75,123,0
4902,110,1
-79,385,0
1341,415,2
490,73,2
1521,243,0
131,137,1
8,55,1
-632,18,1
116,255,0
189,95,1
2,112,1
4229,205,0
54,97,1
549,154,0
298,135,1
579,230,1
1467,349,0
0,38,0
109,268,1
-11,94,1
90,263,1
493,671,1
1897,197,2
2403,180,1
868,452,1
653,352,1
0,175,2
0,163,1
218,200,2
5050,75,1
741,227,1
1050,586,0
-56,119,0
1,80,1
-98,112,1
4667,130,1
541,237,1
7744,377,1
895,335,1
-129,121,1
0,127,1
158,650,0
122,107,1
673,610,1
0,124,2
411,216,2
-97,747,2
-217,313,1
5037,252,2
2232,121,2
-932,799,1
913,883,1
236,197,0
0,271,1
2581,221,1
639,243,1
849,72,1
386,155,1
1218,70,0
2603,280,1
-921,115,1
607,29,1
79,406,1
61,113,2
1091,47,1
743,36,2
209,135,1
172,67,0
2,684,1
41,686,0
1116,170,0
-55,150,1
5845,1060,2
329,122,0
494,724,1
1519,230,1
2685,187,1
-14,179,1
5673,357,1
1459,82,1
0,176,1
625,424,1
0,115,1
867,177,1
8304,712,1
151,118,0
-583,25,1
1784,753,1
3134,124,1
49,208,0
-346,136,1
1623,1081,1
60,376,1
17,78,1
2008,354,1
91,29,1
171,209,1
1027,433,0
5801,147,1
142,41,2
205,111,0
852,108,0
-584,411,1
97,108,1
204,224,1
628,1083,0
311,757,0
1564,57,1
856,95,0
1509,144,0
-888,135,1
226,176,0
127,524,1
413,65,1
710,653,1
1233,91,1
171,93,0
69,503,2
1499,186,1
751,121,1
61,452,1
425,883,1
2923,104,2
99,24,2
1021,79,0
1146,178,1
781,74,1
1448,217,0
604,475,0
-194,127,0
0,101,1
0,340,1
1014,158,0
73,242,0
2597,323,1
2627,18,1
1906,68,1
-319,134,1
-296,113,1
169,43,1
556,200,0
300,245,2
751,343,2
126,229,0
-386,530,2
379,58,1
706,78,1
9121,147,1
1466,40,0
0,618,1
951,23,1
368,293,1
121,16,1
204,286,1
299,209,1
4170,935,1
-335,260,1
3165,298,1
254,397,1
553,113,0
518,76,2
85,141,1
603,773,1
361,329,0
-98,423,1
4424,67,1
2610,626,0
3234,578,1
687,61,1
631,248,1
341,136,0
316,126,0
2,653,1
415,7,1
507,528,2
912,785,1
0,243,1
37,24,1
2524,82,0
9019,952,0
39,27,2
0,143,1
265,274,2
0,1174,0
4012,915,2
1520,115,1
-140,222,2
852,341,2
578,112,0
0,64,1
2253,937,0
1171,129,0
452,59,0
-97,79,1
4738,151,1
467,83,2
0,101,0
495,157,1
157,57,1
358,176,1
292,222,1
7343,217,1
-563,252,1
351,1063,0
365,41,1
13494,27,0
846,758,0
1574,301,1
-28,574,1
0,847,1
2927,78,1
501,514,1
1238,1558,2
301,789,1
1388,146,1
102,272,0
13,323,2
413,712,1
4665,860,0
638,75,1
101,191,1
1224,1441,1
1103,428,1
3748,322,1
955,104,1
518,127,1
1893,1259,0
14,114,1
-423,106,1
3696,305,1
2987,307,1
433,1504,0
756,396,1
0,71,0
2727,205,1
93,134,1
1766,166,1
124,81,1
69,77,1
0,80,2
0,537,1
259,415,1
4103,291,1
744,283,0
116,70,1
70,611,1
432,132,2
1172,26,1
9,262,0
428,272,1
7546,137,0
620,95,1
8647,140,1
192,71,0
0,502,1
27733,164,0
276,219,1
113,328,0
782,224,1
82,63,1
1008,24,1
6421,147,0
443,84,0
351,175,1
5060,12,1
-41,40,0
-124,217,0
79,235,1
3945,255,0
197,256,1
837,41,2
-94,75,1
1743,192,1
57,796,1
635,220,1
-113,614,1
225,1126,2
124,161,1
475,141,0
-7,697,1
375,223,0
936,931,2
1415,483,1
0,63,0
3638,271,0
-99,144,1
167,79,1
19,171,1
242,73,1
13,69,1
286,60,1
769,257,1
93,198,1
1663,217,1
238,134,1
2178,41,0
792,611,1
871,216,0
1025,388,1
63,242,2
16,387,0
417,90,0
3992,281,1
2749,332,1
133,218,1
1721,650,0
2171,1034,2
4760,182,1
2979,156,0
690,171,1
203,265,2
322,10,1
1210,350,2
634,65,1
273,58,1
47,69,0
1100,127,1
0,154,1
0,36,1
1544,85,1
6145,362,0
28,49,1
1012,410,1
245,253,1
1998,570,0
3990,633,1
1328,82,1
412,164,1
229,175,1
1562,659,0
3432,139,0
144,43,0
1339,343,1
386,74,1
7727,302,1
204,455,1
101,126,2
728,107,2
2418,120,1
2934,727,1
0,275,0
181,41,0
176,61,1
49,232,1
2023,214,1
372,21,1
7702,138,2
464,173,0
117,635,1
104,77,1
1041,73,1
539,540,1
0,179,1
406,119,0
2558,107,1
484,48,1
3516,447,0
5639,430,1
100,64,0
1306,217,0
815,77,0
245,16,1
191,753,1
2815,125,1
3672,1210,0
1572,185,1
385,80,2
29,156,0
84,403,1
876,145,0
1499,17,0
0,160,1
6217,486,1
329,321,1
162,203,2
14533,646,1
151,97,0
-2,144,1
4684,30,0
1149,82,2
11,326,1
8004,414,0
1019,285,1
1297,716,2
415,449,2
671,16,1
2378,65,0
417,138,1
71,121,1
1188,140,1
8139,256,1
249,61,1
689,367,1
203,9,1
-183,395,0
3451,125,1
116,580,1
1746,15,1
0,119,1
897,26,1
821,224,1
130,285,1
1,399,2
8,88,1
55,185,1
699,98,1
759,97,2
687,72,1
4968,109,1
1211,208,1
426,1029,0
376,273,0
12,130,1
23,590,0
353,107,1
330,88,2
0,305,2
353,90,1
2273,222,0
0,127,1
744,38,1
608,380,0
356,244,2
1291,189,1
-306,217,0
306,388,1
-312,22,1
493,289,0
71,221,1
669,129,1
556,147,1
84,299,0
108,543,1
-11,247,0
1164,166,1
-191,755,2
132,336,1
2237,619,1
4761,159,1
-346,29,1
655,606,1
1048,971,1
0,231,0
624,163,1
1784,385,0
1281,119,0
569,348,0
1666,30,1
168,249,1
263,119,1
-405,177,1
279,110,1
0,594,0
300,105,1
415,123,0
0,172,0
1322,178,0
1062,230,1
302,89,1
809,118,2
-278,143,1
3238,7,0
751,104,0
-28,220,2
0,85,2
2442,91,0
1798,19,1
132,574,1
260,49,0
7,171,1
3283,258,0
323,41,1
2960,83,1
486,95,0
343,78,2
507,134,2
5958,215,0
304,226,0
118,1275,0
123,66,1
76,196,1
70,229,1
960,241,1
2185,354,0
309,471,0
2190,90,1
0,58,1
3732,379,1
1550,12,1
62,67,0
704,165,1
4415,1032,1
4,84,0
262,393,1
238,808,1
97,923,1
410,63,2
1191,274,0
-47,84,1
197,78,1
6,41,1
2398,317,0
630,138,1
235,88,1
1910,413,1
3172,139,1
872,82,1
407,12,1
100,221,0
345,38,1
2058,661,2
889,388,1
0,151,1
51,140,1
150,124,1
34,200,1
795,101,0
282,261,1
2139,176,0
-469,209,1
197,223,1
825,38,0
3232,541,0
1598,84,2
871,602,1
83,26,1
1445,328,0
226,762,1
-55,107,1
243,46,0
-336,128,1
3672,360,0
0,524,1
251,128,1
44,310,0
2887,819,1
1992,202,0
2,144,0
1415,311,1
297,415,0
1094,93,0
-84,101,1
-1,72,0
347,282,1
1253,210,1
4565,369,1
781,125,0
7124,301,1
17555,14,1
5172,57,1
15520,420,1
13711,638,0
1533,137,2
286,557,1
-219,66,0
0,206,1
810,19,1
300,166,1
1175,102,0
0,46,1
113,126,1
641,161,1
1477,355,1
0,40,1
8,143,1
399,133,2
-435,185,2
2830,22,0
15,184,1
125,78,0
45,125,1
13,189,1
0,300,1
579,396,1
432,340,0
1987,55,0
857,238,1
15834,172,1
3370,36,1
6290,303,1
808,417,1
4075,162,1
373,10,1
-101,99,0
3250,32,2
1375,308,1
180,298,1
175,92,1
381,288,1
2171,130,1
340,255,1
10,167,2
4958,64,1
21244,166,1
156,657,1
473,434,2
781,75,0
0,40,1
1819,398,1
4374,163,1
456,137,1
253,257,1
774,231,0
-59,192,0
-81,186,2
0,226,1
0,67,1
-3,205,1
2488,14,0
3,488,2
839,50,1
103,312,1
316,163,2
1680,76,0
7179,150,2
247,244,1
8295,207,1
261,113,0
95,1309,1
291,72,0
2240,551,1
0,163,1
1295,179,2
324,217,1
669,88,1
4143,21,0
2646,142,0
618,1056,0
541,72,2
434,411,1
622,145,1
0,80,1
99,344,1
290,128,0
1230,412,1
45,908,0
923,819,1
950,210,1
1503,165,1
65,118,1
-679,159,1
773,618,1
10788,102,0
991,89,2
247,401,1
4143,200,1
-406,152,1
180,203,0
-887,827,0
4157,735,1
1386,185,0
2211,149,1
-495,303,1
27359,71,1
440,445,0
135,232,0
-735,144,1
60,209,1
902,691,2
18347,415,1
-72,273,0
1205,376,1
499,37,1
656,148,0
100,57,1
69,461,2
619,198,1
192,327,0
0,669,0
87,165,1
3228,58,1
1361,1473,0
0,123,0
34,289,0
318,239,0
197,1386,1
0,294,0
273,910,1
15,550,2
7813,75,2
-27,100,0
75,204,1
1139,155,1
115,46,1
0,1366,1
7195,609,1
-477,1532,0
1026,226,0
3921,168,1
980,352,1
-179,335,1
2552,74,1
1729,85,1
434,117,1
-300,184,0
4785,72,1
-329,171,2
0,44,1
391,336,0
4657,93,1
3472,332,0
705,398,0
255,86,1
4365,45,1
350,110,1
474,152,1
489,356,0
757,382,1
695,233,0
-770,87,0
80,387,2
315,103,1
213,378,0
0,257,1
2169,282,1
212,176,2
333,24,1
4404,766,0
257,955,2
3188,426,1
3083,244,0
226,136,1
1260,172,1
1410,93,0
6046,300,2
980,118,0
-37,191,1
-154,107,2
680,513,1
799,91,0
-1164,76,0
2523,1236,1
98,193,1
3419,324,1
343,377,0
852,408,1
50,246,1
0,58,0
10,196,1
950,219,1
0,197,1
175,257,1
-259,381,1
6217,486,1
-1310,162,1
139,153,1
7138,809,0
1111,50,2
113,39,0
-612,131,2
310,526,1
-186,172,0
2038,405,1
833,77,1
625,158,1
105,146,0
551,27,1
145,105,0
618,119,0
1063,327,0
985,150,2
2926,482,1
-449,81,0
66,1164,2
0,674,1
419,347,1
4758,712,1
-23,48,0
1573,279,2
77,236,0
1378,91,1
-73,15,1
60,161,1
137,187,1
1583,100,0
-121,214,1
1065,406,0
-13,361,1
1869,30,1
4787,99,0
-183,202,1
702,318,1
1494,275,0
0,59,1
46,70,1
609,1126,0
4079,343,2
0,228,0
7876,209,1
925,709,0
7010,275,2
42,51,1
285,267,1
0,95,1
3170,246,0
8,46,1
216,144,2
2975,249,0
894,328,1
490,17,0
245,126,1
0,52,2
150,52,1
4,285,1
1727,500,1
664,955,2
473,216,1
0,84,2
-192,138,1
1942,436,1
5137,123,0
13044,36,1
1053,405,1
154,103,1
625,175,1
255,374,1
529,129,1
318,246,1
1903,107,0
1937,385,1
3859,104,1
4198,309,1
230,198,1
747,543,0
263,143,1
-46,23,0
0,104,1
568,378,1
1469,364,1
18,363,1
201,248,2
1412,157,1
-93,402,1
-331,203,1
486,422,1
694,44,1
2806,358,0
0,39,0
2959,325,2
22,238,2
1167,968,1
35,156,0
8304,681,1
4760,187,1
-1313,104,0
697,860,0
230,112,1
473,112,1
1427,32,1
201,325,0
1086,410,0
4335,640,2
44,118,2
286,166,1
216,173,2
214,21,1
343,89,1
-77,151,1
1046,112,1
1566,164,0
592,145,0
104,606,0
0,105,1
-22,85,1
0,439,1
72,278,1
100,205,1
319,221,1
9339,52,1
50,84,2
32,476,1
6922,371,1
633,128,0
4265,220,1
2262,44,1
1970,30,1
1513,330,2
4659,28,1
668,908,1
649,177,2
452,113,2
-145,289,0
-498,357,1
0,38,0
22,414,1
2304,257,1
1412,480,1
145,252,1
4897,151,0
1832,213,1
3726,119,1
591,161,1
0,227,2
508,12,0
817,517,1
348,225,2
291,150,1
3554,89,1
781,103,1
267,128,2
1327,277,1
-306,500,1
864,113,0
1265,326,1
0,755,1
214,161,1
425,100,1
3,142,1
0,214,1
0,167,1
282,676,0
0,236,1
3727,993,0
0,83,1
864,100,0
4089,289,1
-478,528,1
-363,340,1
8883,33,1
1970,284,0
1859,245,1
1059,115,0
388,730,1
602,347,2
0,58,0
255,180,1
63,56,1
712,326,1
57,342,1
523,49,1
422,110,1
386,253,1
3387,636,1
260,137,1
-1,173,0
1490,227,1
497,88,1
1707,426,1
826,195,1
907,230,1
1836,750,1
404,413,0
907,104,2
18,138,1
-495,334,0
1210,868,1
819,102,1
442,77,2
-46,199,0
671,332,0
371,124,1
-3,91,1
11,104,1
33,125,0
104,635,1
174,90,1
3107,310,1
1438,207,1
1367,43,1
-11,126,1
1693,137,0
778,284,1
837,68,1
363,67,1
236,8,0
0,62,0
-50,175,1
4,395,0
26306,27,2
46,195,1
575,254,1
148,199,2
431,73,1
777,351,0
199,1689,1
3552,267,0
47,234,1
3823,234,2
138,94,1
1117,77,0
1325,242,1
0,247,1
4343,85,1
1598,607,2
3301,485,1
822,184,0
-280,258,2
1534,156,0
1671,160,1
2007,1021,1
0,5,1
2776,701,1
139,732,1
573,122,1
475,559,1
47,141,2
2154,87,0
96,577,0
83,193,1
6766,210,0
3973,732,1
372,121,2
-552,150,0
48,140,0
7696,386,1
4500,733,1
1,108,1
46,80,0
-18,155,2
451,389,1
479,133,1
0,328,1
1130,119,1
389,87,1
10,162,0
401,294,1
145,128,0
115,108,1
89,172,0
94,208,1
1438,212,1
780,148,2
207,99,1
238,185,1
2433,133,1
1924,170,0
-471,668,1
1531,81,0
764,230,0
383,287,1
3782,618,1
326,788,1
691,285,2
0,163,0
99,159,0
502,197,1
-15,212,1
1929,44,1
0,180,1
185,11,0
-424,863,0
0,388,0
319,143,1
171,191,0
-1148,62,2
-11,13,1
0,1073,0
-206,337,1
704,88,1
1931,167,1
943,96,0
327,537,1
-105,5,0
983,139,1
787,570,0
0,100,1
3060,253,1
5780,525,1
790,696,0
1449,535,1
1412,131,1
681,6,0
228,105,1
0,370,1
2087,29,0
2,184,1
197,47,1
0,193,1
1905,709,1
118,358,1
2644,253,1
16430,197,1
13,94,1
14,445,2
769,153,0
3485,113,1
139,80,1
202,318,2
6,100,1
2515,40,2
5195,55,2
2098,67,1
320,76,1
3431,73,1
50,89,1
370,109,2
-182,98,2
1623,21,0
13342,465,1
6570,106,0
225,304,1
-665,342,1
0,16,0
54,543,0
46,338,1
2,197,1
103,956,1
883,95,0
55,546,1
8238,124,1
913,113,0
595,245,2
7,188,0
1661,199,0
102,470,1
338,90,1
3132,350,1
490,31,0
2682,156,1
0,299,1
596,510,1
2059,177,1
132,123,1
0,270,1
385,225,1
223,63,1
0,247,1
512,206,0
1169,168,1
71,836,0
940,131,0
-80,89,0
0,116,1
1317,58,1
179,36,1
1007,240,1
0,132,0
1286,544,1
804,266,1
4,443,0
0,324,1
417,15,0
1678,263,1
532,199,2
407,145,1
659,56,2
393,11,1
661,411,2
0,165,0
838,619,0
195,203,1
68,254,1
-242,1149,0
321,189,2
3403,707,0
8,196,1
739,171,2
622,1451,0
152,563,1
2,239,0
1439,73,1
1491,203,2
6402,158,0
1210,100,1
122,160,0
0,661,0
62,166,1
3333,114,1
16992,58,1
23,25,1
0,121,1
6072,226,1
366,234,0
0,88,2
1343,85,1
2105,134,1
2319,251,1
35,152,0
877,202,1
30,379,0
-2082,123,1
89,156,1
104,332,1
1750,90,1
772,291,1
1048,23,1
592,122,1
0,105,1
3064,1143,1
33,70,1
0,264,1
1649,204,0
287,182,0
0,386,2
419,295,1
257,86,1
118,16,1
251,413,1
1731,323,0
0,78,1
23,121,0
-386,477,0
5498,265,1
5063,418,0
7041,386,1
654,594,0
1890,161,1
2400,450,1
519,217,1
1190,136,0
229,322,0
203,104,0
1818,189,1
1289,250,1
39,123,2
796,427,1
57,632,0
1548,101,1
117,467,1
0,640,0
691,517,1
64,160,1
0,177,2
957,206,1
118,208,1
218,169,0
724,287,1
20,505,1
-28,284,1
665,89,1
5,138,0
925,321,1
2519,262,1
3927,61,1
401,217,2
581,192,1
1327,174,1
3242,292,1
3163,240,1
32,282,2
310,128,1
0,161,1
155,291,0
11386,356,0
1380,294,1
2443,422,0
1129,806,0
4232,227,0
5564,560,1
-402,135,0
1323,361,0
1623,246,1
1042,419,1
2488,449,0
865,71,1
-1053,357,1
1667,164,1
975,263,2
2571,146,1
732,759,1
769,72,2
-136,131,1
3636,808,2
931,1183,1
565,123,1
271,483,1
1153,238,0
-73,90,1
558,464,1
137,385,2
700,240,1
-966,104,1
96,109,1
4007,598,1
567,274,0
40,123,0
136,70,2
917,260,0
593,190,0
505,521,1
2542,228,1
5355,466,1
807,74,0
9976,57,1
0,119,1
540,124,1
280,65,1
-59,127,2
-517,172,1
2613,174,0
-7,41,1
0,232,1
-200,161,2
2301,124,1
104,701,1
191,162,1
694,431,0
212,191,1
1882,249,1
131,189,1
175,167,0
0,73,0
4425,162,2
3533,235,1
3573,44,2
476,127,2
1257,93,1
23,143,1
0,81,0
398,77,0
745,115,1
8106,125,0
0,53,0
696,77,1
1266,45,2
2416,74,1
25,169,1
7513,269,0
29,52,2
5116,246,1
-1746,218,1
14,167,2
4148,316,1
14,142,1
105,75,0
767,204,1
0,542,2
-228,122,0
508,70,1
725,266,1
41,34,1
184,203,0
251,85,1
-17,11,2
-19,13,1
1064,562,1
777,185,1
377,158,1
479,515,2
-375,60,2
796,173,1
17,353,1
1071,143,1
0,18,1
7378,466,2
865,85,1
-701,148,2
817,123,0
1387,121,1
0,245,1
2917,215,1
4541,190,1
0,44,1
4287,171,1
242,62,1
171,172,1
259,78,0
827,319,1
469,111,0
2226,158,1
0,82,1
477,128,1
42,102,1
775,124,0
9,334,1
2557,134,1
2395,218,1
4895,313,1
376,207,0
389,262,1
134,134,2
1273,197,2
0,214,1
2892,1165,1
0,177,2
295,141,0
292,164,1
85,151,0
4,145,1
-587,111,2
367,217,0
-1224,253,1
959,74,2
0,263,1
-589,233,1
-8,402,0
0,585,1
247,145,1
5543,143,1
642,524,1
11,270,1
-226,272,1
5191,187,1
-320,268,0
2289,183,1
725,123,1
705,20,0
776,232,1
816,547,1
171,71,1
812,113,1
823,780,1
1453,246,0
431,108,0
1009,253,0
286,175,1
22370,106,1
2111,86,1
5366,248,1
181,265,1
-452,182,2
1770,916,2
0,506,1
-296,81,0
2358,30,1
1200,904,0
109,699,0
616,19,1
4906,389,2
313,211,1
290,283,1
1240,474,1
3672,157,0
19,509,1
143,279,1
212,27,2
9,386,1
3074,679,1
1734,169,1
575,315,1
397,293,1
640,439,1
158,198,1
2984,770,1
1011,340,1
0,1472,0
1133,293,1
4945,311,1
712,291,1
-427,965,0
2146,594,1
92,139,1
10,501,1
1238,274,1
981,10,0
575,18,1
-70,243,2
3733,198,0
574,410,0
43,190,0
428,121,1
0,148,1
0,239,1
474,90,0
-540,29,1
560,58,1
325,1139,1
437,504,0
574,348,1
0,130,1
935,100,1
699,544,1
0,182,0
-220,90,1
11417,272,1
212,260,1
67,672,1
0,264,2
0,275,1
1673,76,1
-1202,749,1
4213,142,0
0,454,1
1521,102,1
1310,521,1
0,57,1
399,504,1
405,138,1
9756,103,2
2506,485,0
697,166,1
403,318,1
890,531,2
809,155,2
158,73,1
137,198,0
2705,137,1
75,479,0
2457,285,1
541,98,1
287,199,1
273,97,1
0,389,2
677,384,1
340,37,1
98,420,1
477,973,2
2629,77,0
0,376,1
2325,125,0
-20,142,1
230,442,0
-852,728,2
-280,281,0
25,528,1
9851,128,0
5095,71,0
687,161,1
1368,129,1
-179,54,0
-396,443,1
1011,136,0
9,44,1
1159,1181,1
-322,225,1
1114,81,2
2072,224,1
459,189,1
1157,98,1
8309,50,1
1043,195,0
2098,110,1
461,214,0
61,182,0
1203,239,1
1067,179,1
0,540,1
1657,566,1
1219,697,1
7,98,1
-839,1018,1
994,221,1
6,246,1
0,656,0
8627,281,0
133,65,1
247,193,1
1114,283,1
1592,78,1
0,425,1
46,238,1
1221,182,1
985,998,1
0,477,2
520,158,1
10,320,1
2157,149,1
6095,410,1
133,104,1
1121,454,1
88,190,1
0,145,1
-328,318,0
610,246,1
414,761,0
0,171,2
0,143,1
685,968,1
22856,154,1
-352,246,0
602,201,1
-588,81,1
302,205,0
5314,200,1
64,210,1
632,215,0
5731,164,0
902,35,1
6307,615,0
112,246,2
0,42,1
621,217,0
435,210,0
782,116,1
478,200,1
7864,145,1
1910,41,1
1174,192,2
1270,80,1
18,121,0
141,106,1
2886,230,1
2715,125,1
1100,67,0
516,26,1
1,395,1
775,603,0
634,185,1
5715,287,0
1088,149,1
1532,173,1
75,118,1
103,314,0
134,378,1
748,94,0
1990,108,1
192,203,1
267,121,0
586,489,0
648,287,0
25,652,2
96,612,0
1116,53,1
-90,270,2
170,442,1
3665,664,0
2380,394,0
179,230,1
763,877,1
320,1971,1
1960,161,1
818,188,1
2678,23,1
1980,176,1
1582,26,1
62,212,0
235,119,1
489,205,1
3931,73,1
699,1258,1
58,57,1
1327,115,2
557,58,1
741,238,0
3230,207,1
1439,178,0
120,20,1
1058,188,1
881,143,1
6728,232,1
462,127,1
167,380,1
1574,167,1
1625,796,0
562,303,1
9305,407,1
35,229,0
0,108,0
2486,265,0
368,168,0
1558,97,0
8627,169,0
2590,103,0
0,599,1
900,322,0
385,304,0
1649,52,1
9228,655,2
0,101,1
1,65,0
771,173,1
280,162,1
46,78,1
2431,646,1
308,114,0
160,141,2
555,133,0
778,1994,0
48,140,0
169,82,1
12,150,2
848,605,1
481,164,1
12223,36,1
-254,290,1
1148,104,1
5,413,0
50,153,0
92,237,2
470,743,0
0,82,1
109,924,2
440,117,1
0,550,0
2685,5,0
-3,181,2
7007,325,1
220,345,1
1548,331,1
326,112,1
0,115,2
123,381,1
697,119,0
223,25,0
1694,929,1
4446,429,1
894,491,1
202,146,2
0,191,0
1707,406,1
13658,220,1
406,253,1
96,340,1
0,154,1
-276,121,1
413,104,1
655,127,1
694,144,2
10218,149,0
1646,261,0
14,87,0
7635,719,1
9,292,1
1029,145,0
2855,52,1
260,146,1
2039,451,1
-97,167,2
1465,98,1
125,238,1
930,85,0
0,323,0
73,116,1
-35,304,1
1351,267,0
1601,201,1
88,105,1
435,193,1
717,113,2
705,151,1
1553,200,1
-131,145,2
1191,214,1
47,36,0
544,58,1
688,174,1
242,587,1
118,112,0
-388,175,1
1603,279,1
1511,270,0
147,116,1
836,129,1
55,38,1
1123,138,1
691,338,0
0,565,1
12531,77,1
552,314,1
0,179,1
309,294,1
33,298,0
681,427,1
1787,87,1
14220,397,1
12569,344,0
4,74,1
3587,148,1
254,161,1
1712,110,2
4855,1529,1
2408,236,1
252,89,0
346,390,1
45,1467,1
556,646,1
-710,183,2
-551,168,0
56,66,0
1514,160,1
178,14,0
359,220,1
1580,1007,2
221,149,2
1161,665,1
1278,174,1
982,105,0
16,990,0
1,582,0
128,136,1
2543,223,0
42045,205,1
828,214,1
0,217,2
3940,171,1
125,50,1
140,65,1
593,55,0
746,256,1
589,151,1
2343,226,0
294,97,1
644,92,1
-26,343,1
3354,493,0
23,216,0
7,224,1
3735,190,1
2094,458,1
508,222,1
0,612,1
93,137,1
0,104,0
26394,206,1
-11,172,1
523,152,1
-74,114,1
0,89,1
122,158,0
351,326,1
35,215,1
2610,53,2
64,71,0
60,487,1
342,340,1
1830,183,0
1904,131,2
16957,208,0
26,311,2
0,147,1
79,83,1
2303,775,1
65,25,1
332,497,1
-399,180,2
-54,698,2
-102,134,1
4809,223,1
279,399,1
11,420,1
2201,233,1
8044,702,1
2374,161,1
92,110,0
443,27,1
1397,58,1
7,68,1
3177,92,1
232,45,1
81,79,0
414,11,0
1433,520,0
187,86,0
0,16,1
4610,154,1
1429,91,1
334,389,0
2,71,1
500,111,0
43,68,1
4030,75,1
306,212,1
0,91,1
168,79,1
210,646,1
518,206,1
1696,257,0
-31,81,1
856,470,1
318,133,0
64,230,1
800,76,1
75,26,0
347,154,0
2366,94,1
701,254,1
475,1156,1
3285,248,1
925,884,1
128,275,1
1587,200,1
879,228,2
478,475,1
280,393,2
1868,156,1
819,244,1
4646,118,1
27,40,0
736,700,1
224,97,0
2544,252,0
427,360,1
2764,235,1
376,1521,1
523,105,1
71,86,1
3948,484,1
1810,117,0
994,119,1
52,359,1
11,109,1
0,236,1
747,203,1
2657,202,1
313,42,1
61,21,1
2557,186,0
0,172,2
10,527,2
658,175,1
1679,21,1
0,370,0
841,54,1
0,63,1
1160,116,1
-37,151,2
94,300,0
585,48,1
235,217,1
2145,727,0
1464,193,1
232,72,1
187,165,1
12,345,1
318,206,1
405,994,1
334,127,1
0,29,1
2,70,1
966,40,1
195,185,1
0,64,2
0,97,1
260,316,1
451,125,1
3242,233,1
8515,14,2
1808,245,1
20,109,1
3068,429,1
23,133,1
1076,70,0
1060,118,1
678,1579,0
1147,29,0
-630,173,1
459,13,1
976,183,2
357,175,1
-9,123,1
1927,288,0
500,19,1
9146,136,1
59,437,1
0,1225,1
328,526,1
291,91,2
-703,123,0
589,62,0
6053,865,1
1142,82,1
725,219,1
802,569,1
556,460,1
191,238,1
373,346,0
6164,161,1
37,51,1
1156,37,1
806,141,1
2381,173,1
-314,66,1
285,209,1
1199,1011,0
481,147,2
137,88,0
168,52,0
156,544,2
4745,360,0
11797,95,0
786,322,1
4015,106,1
0,20,1
331,178,1
1554,325,1
132,343,1
5086,213,0
529,193,1
4824,168,1
474,423,1
86,218,2
2281,158,1
186,433,1
137,252,1
6968,175,1
86,192,2
81,158,0
6904,114,1
137,246,1
25,44,0
759,136,1
1922,247,1
3298,227,0
764,219,1
8556,326,1
3514,226,1
0,351,1
680,341,1
0,124,1
2819,123,1
-518,244,1
60,151,1
732,736,1
2707,109,1
177,117,1
13229,77,1
-204,42,1
990,252,1
648,179,1
50,106,1
1916,281,1
763,384,1
470,217,1
0,144,1
5739,374,0
0,298,1
-375,814,1
157,33,1
1518,128,1
1343,129,1
-401,274,0
5310,984,1
2285,413,0
22171,44,1
856,70,1
1169,463,0
3797,96,0
53,276,0
2519,257,1
795,131,1
0,586,2
2087,267,1
34,29,0
5,65,1
15,67,0
390,190,0
712,287,1
2600,77,0
-241,169,1
1545,25,2
1026,669,2
435,122,1
876,269,1
1801,167,1
2278,244,1
157,99,1
1327,76,1
284,252,1
495,213,1
1588,14,0
0,121,1
428,153,1
542,8,1
66,244,1
314,67,2
24,169,1
613,86,0
1467,277,1
192,154,1
321,135,1
788,392,1
48,133,2
262,96,1
4438,446,1
5045,20,0
3014,291,0
21664,214,1
5878,159,1
2723,275,1
576,128,1
0,207,1
2197,146,0
104,22,1
1279,239,0
295,92,1
2128,149,1
367,107,1
1477,71,1
71,122,0
127,16,0
2921,251,2
16264,215,1
1672,128,1
9207,445,1
356,76,0
133,206,2
1217,155,1
202,429,2
590,133,1
442,474,0
808,578,0
427,17,0
431,74,1
4256,239,1
0,275,2
238,101,2
846,671,1
3,998,0
693,271,1
0,133,0
362,84,1
618,281,0
2893,250,0
230,144,1
1287,432,2
179,411,1
980,428,1
79,249,1
3043,235,1
808,267,0
745,595,1
1309,28,1
290,257,0
1792,630,2
178,747,0
0,87,1
537,187,0
416,452,0
1472,36,1
3953,277,1
112,118,0
13204,197,2
0,101,1
2240,282,1
22546,8,1
0,1448,1
23,344,2
228,12,1
215,61,1
23,91,1
293,162,1
0,339,2
199,113,1
459,558,1
8131,69,1
-378,541,1
395,429,0
10787,135,2
865,96,1
340,68,1
1882,529,0
265,650,1
389,69,1
0,71,1
384,30,1
94,9,2
1471,331,1
937,66,1
500,26,1
25,266,1
365,168,1
34,316,0
429,1006,1
6839,77,1
6,622,0
467,494,1
1876,269,2
1847,543,1
247,268,1
897,397,1
4664,22,2
1291,51,2
64,208,0
-471,77,1
1160,450,0
14,201,0
26,342,1
452,181,1
382,294,0
2033,123,1
0,172,1
789,1022,2
142,123,0
645,420,1
897,119,1
103,153,1
847,85,0
0,260,0
517,528,1
1308,361,0
66,59,1
361,86,2
66,139,1
70,219,1
180,45,1
279,168,1
4,268,1
1416,210,1
465,160,1
998,1044,1
550,601,1
1285,89,1
4908,491,1
336,139,0
131,267,0
348,88,1
453,134,0
1102,126,1
926,191,0
502,267,2
8669,5,0
316,560,0
9324,138,1
0,188,1
72,262,1
61,836,0
173,150,0
-162,44,0
47,11,0
1983,123,2
326,150,1
2552,255,1
1283,92,0
2179,112,1
1047,554,1
36,109,1
-308,781,1
1177,116,0
2077,363,1
0,82,1
1,167,1
7735,220,1
1922,546,0
153,1124,0
2770,141,1
139,188,1
21,107,0
178,320,1
444,244,1
209,319,0
3096,147,1
5320,114,1
4885,400,1
0,79,1
5462,29,1
6767,97,1
2974,187,2
427,201,1
8876,280,1
146,150,1
319,129,2
304,516,0
389,127,1
766,174,0
0,82,1
3107,1516,0
174,204,2
-305,109,2
670,378,1
6164,152,0
2850,185,1
79,317,0
110,27,1
5039,205,0
360,46,1
199,978,1
238,45,0
5092,145,1
1088,138,2
221,720,2
889,362,2
750,90,1
0,214,0
1291,142,1
1844,241,1
89,148,1
4280,227,1
0,126,0
625,410,1
574,243,1
320,171,1
468,147,0
440,91,1
0,332,1
5706,471,1
7780,364,1
-559,98,1
16874,117,0
1987,185,1
98,59,1
642,147,1
526,553,1
6483,275,0
2306,239,1
954,402,1
-679,172,0
-1,195,1
2590,68,1
331,82,0
4209,57,1
462,495,2
0,479,0
0,141,1
151,82,1
883,798,2
266,232,0
0,60,1
491,103,1
3,443,1
198,400,1
14363,132,1
0,374,2
136,363,1
28,111,0
335,130,0
174,308,1
270,116,1
1206,160,0
198,205,2
914,185,1
31,61,1
0,159,1
347,213,0
860,294,1
89,140,1
0,71,1
0,47,1
68,570,0
-149,287,1
2411,130,2
225,201,2
2731,11,0
112,70,1
0,54,2
3620,22,1
179,103,0
1544,104,0
199,29,1
231,57,1
76,236,2
302,528,0
189,68,0
565,876,1
310,76,1
1746,99,1
6,122,1
-110,141,1
2749,58,1
6495,78,0
35,435,0
-650,123,1
292,210,1
5774,54,0
2416,138,1
35,336,1
19317,249,1
50,63,1
-674,257,1
3726,875,1
1180,191,1
6610,481,2
319,120,0
1545,207,1
1315,303,1
424,93,0
151,128,1
-970,194,0
-762,408,1
181,5,1
-120,231,1
1022,20,2
78,218,1
209,36,1
2469,136,1
0,336,1
328,192,2
0,141,1
307,65,1
1384,203,1
0,104,1
719,230,1
0,71,2
6704,205,1
4543,162,1
0,145,1
149,220,0
-1400,309,1
-118,421,1
2160,261,1
3452,132,1
842,273,0
3576,349,1
1666,291,1
0,83,1
0,793,1
1628,119,0
51,312,1
447,103,0
396,101,1
4994,48,1
3215,228,1
2814,81,1
0,152,1
293,160,1
474,59,1
16178,297,1
0,147,1
88,143,0
308,75,1
1164,338,1
13893,29,1
0,159,1
-435,85,2
389,15,0
356,198,2
2718,114,1
261,1117,2
757,343,0
16,59,0
-422,31,1
248,212,1
145,157,1
598,96,2
949,245,1
614,72,0
1209,700,1
202,107,1
1840,312,1
114,153,1
-229,55,1
182,38,1
401,96,1
759,397,2
4194,208,1
0,122,0
629,109,1
153,74,1
553,72,1
1057,383,2
78,113,1
-28,400,0
929,387,1
428,59,1
268,528,0
83,1223,0
998,38,2
2223,1139,0
6,286,0
312,369,0
0,333,0
691,198,0
771,106,1
192,423,0
0,116,1
1070,30,0
84,1101,2
2,102,0
1242,384,1
5969,156,0
3337,99,2
1347,280,0
64,20,1
249,258,0
0,85,0
128,355,1
196,66,1
351,467,1
5533,582,0
38,744,1
35,185,0
235,13,0
30,98,0
92,127,0
67,45,1
4022,244,1
3057,2769,1
0,561,0
349,182,0
2322,618,1
167,198,1
558,126,2
-230,715,1
4094,63,2
239,412,0
497,66,2
179,96,1
305,633,0
-67,364,0
4539,298,1
770,341,0
-673,364,1
858,234,1
0,639,1
5244,310,0
117,123,2
846,253,1
0,96,1
1331,297,1
31,501,0
179,67,2
543,281,1
253,475,1
71188,205,1
5108,272,1
1738,349,1
-97,216,1
199,183,1
489,130,1
355,61,1
-97,92,0
473,37,2
6649,354,1
263,203,1
781,152,1
1032,41,1
119,20,1
434,277,2
2967,83,1
-331,531,2
1585,91,1
4384,315,2
588,70,0
3180,384,1
0,105,1
-76,305,1
152,158,0
1040,199,2
-384,25,1
473,147,1
475,538,0
0,77,1
149,94,1
3285,1721,1
424,143,1
79,104,0
674,587,2
0,1608,1
58,48,1
532,74,1
4130,427,1
422,73,1
437,14,1
-308,725,2
30,333,1
137,244,1
-247,519,0
321,242,0
250,222,0
-470,130,1
140,490,1
2793,258,1
410,337,1
2628,220,2
116,79,1
0,250,1
878,130,1
2944,882,0
3975,515,0
96,238,1
2288,32,0
472,907,1
65,162,1
0,70,1
400,99,0
7495,325,1
137,305,1
24,631,1
3450,169,2
311,61,0
139,256,1
0,58,0
492,142,1
334,36,0
997,106,1
440,71,0
47,132,1
1298,120,1
3355,181,2
-11,152,2
396,302,0
8,93,1
1409,235,1
170,129,0
2769,94,1
2320,310,1
76,195,1
2034,196,0
3018,93,0
921,394,1
483,288,1
390,208,1
0,508,1
92,86,0
22196,189,1
2,249,1
249,450,1
3274,680,0
5731,175,1
206,479,1
2325,270,0
0,164,0
1664,158,1
3333,50,1
7020,80,1
37,45,1
28,220,0
1670,161,0
134,98,1
603,79,1
276,157,1
2157,339,0
161,274,1
3658,977,1
-402,127,2
3342,329,0
1732,1441,0
263,231,0
623,96,1
3540,213,1
95,335,1
765,959,2
-824,429,2
5549,383,0
191,40,1
420,110,1
0,326,1
2706,179,2
4,132,1
423,95,1
-892,248,1
-120,100,1
-365,226,2
27069,174,1
8038,29,0
-938,176,1
1139,106,2
189,136,1
19,110,0
3663,230,1
0,140,0
-614,118,1
2323,151,2
425,693,1
5122,31,1
608,125,2
341,670,1
607,454,1
1495,159,1
381,504,1
385,29,2
1274,190,0
362,332,1
377,143,1
802,77,0
194,517,1
-315,2029,1
1843,269,1
-9,457,1
83,184,1
433,47,1
-107,158,1
4503,168,1
51,50,1
961,757,1
49,93,1
3470,285,1
-147,390,1
0,146,1
0,386,0
172,145,1
-407,230,0
649,237,2
1040,474,0
142,350,1
209,487,0
3304,1009,1
294,87,0
4848,82,1
1670,183,0
367,139,1
13683,115,0
1420,124,0
340,633,0
1679,718,0
1198,63,1
169,180,1
506,47,1
1249,391,1
678,85,0
212,373,0
23,289,2
4402,805,0
459,623,2
4722,483,1
1555,26,2
61,112,1
0,213,0
3706,129,1
1177,330,1
2096,104,1
748,184,1
3357,120,0
3809,159,0
395,391,1
1011,112,1
420,76,1
76,189,1
0,94,1
844,184,1
1318,100,1
167,57,1
2187,525,1
14440,60,1
2294,251,1
80,251,1
2537,219,1
569,976,1
0,46,0
0,185,1
12,587,0
49,65,1
460,491,1
613,432,1
7944,102,1
1143,264,1
-464,75,1
1989,106,1
17,81,1
-1,89,1
1698,95,1
5306,322,1
0,94,1
1679,417,2
3676,567,1
-242,600,1
471,5,0
8902,464,1
1704,222,0
3050,469,1
2581,99,1
162,297,1
243,41,1
1847,390,0
0,535,1
3371,269,1
1757,1010,0
171,73,1
157,650,1
934,53,1
-19,270,1
-55,119,0
21,634,1
14,72,0
246,270,0
887,165,1
51,164,1
-287,196,0
0,78,1
2734,897,0
52,22,1
2594,161,1
22,23,2
1611,490,1
18,359,0
1331,213,1
7337,122,1
835,587,0
5092,199,1
52,261,2
10655,5,1
1831,1531,1
92,92,1
586,179,1
1758,41,2
2061,197,1
959,144,0
208,255,1
-315,56,1
-13,20,1
801,331,1
1948,216,1
751,64,0
784,34,1
24,68,0
72,764,1
1871,64,2
1378,257,0
188,58,1
6836,30,0
61,529,1
-967,8,1
462,147,0
0,173,1
5527,132,0
1287,286,1
17361,476,1
1956,221,1
0,146,2
-294,532,1
275,69,1
724,157,1
27,485,1
26,56,2
191,69,1
-123,131,2
-147,95,0
179,294,0
1086,146,1
471,58,1
105,249,1
1588,10,2
70,255,2
2700,337,0
1602,142,1
0,209,1
839,825,1
21515,87,1
5902,219,1
547,143,1
3800,70,1
261,371,0
0,539,1
-34,176,1
9328,725,1
5,101,1
3529,169,1
2330,15,0
1334,234,1
3601,171,1
265,14,1
2227,242,0
487,155,1
0,580,2
174,223,0
14412,297,1
3288,124,1
57,465,0
2246,330,1
4441,153,1
0,131,2
353,208,1
448,98,1
27,230,1
474,400,2
1185,284,0
282,243,2
2,16,1
60,274,0
3972,122,0
26452,219,1
818,301,2
9374,7,1
47,374,1
279,26,1
20,172,1
360,332,2
1532,253,0
1673,200,0
2420,405,1
100,132,1
0,89,1
1533,86,2
296,147,0
2788,369,1
109,64,0
485,98,1
125,66,0
616,149,1
3064,240,1
206,87,1
6900,816,0
-179,155,2
481,106,0
12,73,1
0,574,1
176,8,1
4086,14,1
257,731,1
53,208,1
6,821,2
562,137,1
-118,101,1
2805,173,1
565,582,0
0,676,1
1612,384,1
180,62,1
0,295,1
876,241,0
2137,132,1
260,175,1
-53,648,1
944,251,1
2394,184,1
297,119,1
2144,417,0
969,95,0
0,125,1
37,207,1
410,162,1
1211,176,1
71,107,0
436,28,1
559,1231,1
1170,200,1
25,103,2
1325,150,1
0,108,1
647,124,0
2142,309,1
639,353,2
177,742,1
236,200,1
1959,177,2
96,151,1
0,147,0
250,193,1
126,112,0
1621,108,1
8,107,0
189,106,1
316,463,0
-282,131,0
-308,140,1
248,163,2
126,2456,2
13,76,2
-393,435,1
358,302,0
917,306,0
1268,259,2
-163,502,1
473,72,0
4831,265,1
1063,413,1
0,756,1
424,241,1
802,258,2
430,137,1
3940,48,1
2880,283,1
1069,247,2
4382,193,2
0,129,1
3939,209,1
753,31,1
358,88,1
1141,22,1
1259,234,1
227,23,1
538,353,2
92,221,1
8023,196,1
2478,395,0
6844,126,0
440,13,1
800,170,1
914,20,0
638,358,0
159,159,1
483,225,1
94,493,1
1044,585,1
0,13,0
401,26,2
33,161,0
506,122,1
1881,456,1
344,26,0
0,51,1
3,37,1
221,150,2
36,104,1
969,721,1
760,9,0
220,68,0
10907,74,0
-148,146,0
415,777,1
1341,339,1
865,78,1
-566,248,2
210,201,1
1275,18,0
579,83,1
2934,233,0
6637,174,1
271,89,1
0,145,1
472,1017,1
487,548,1
699,213,0
150,210,1
1130,224,0
584,541,0
3186,104,2
133,171,0
868,387,0
480,830,1
1883,57,1
606,97,1
603,474,1
548,115,0
-872,153,1
33,106,2
1689,645,1
902,210,1
0,97,2
260,52,1
589,223,1
626,126,1
0,1473,1
78,723,2
3792,279,0
14058,293,0
-522,670,0
386,359,0
1978,404,1
459,317,1
2812,830,1
5057,37,1
-759,191,1
-416,767,0
2106,168,1
220,89,2
0,746,2
426,225,1
4717,256,1
395,219,1
0,211,2
-206,177,1
6,216,2
4039,106,1
687,869,2
-242,1173,0
582,58,1
8218,124,2
1424,201,0
92,688,1
2085,501,0
197,260,0
2305,139,0
-547,214,1
411,142,0
584,154,1
997,81,1
83,69,2
6563,136,1
0,99,0
0,9,0
398,278,1
1145,82,1
2,100,0
201,171,0
563,84,1
3161,433,1
0,624,1
1331,698,1
2929,518,1
-220,123,1
5980,317,0
48,8,0
0,118,0
3382,294,1
2308,815,1
10,857,1
162,174,1
1073,1130,0
1700,13,0
148,198,0
0,503,1
185,249,1
896,343,2
1279,479,2
199,116,1
99,15,1
378,427,1
15,921,1
147,41,1
2225,73,1
1810,65,0
-6,94,1
435,192,2
335,411,1
-251,641,2
5,305,2
641,472,1
0,115,1
722,141,1
3337,24,1
0,264,2
1504,66,1
35,318,1
895,622,1
752,104,1
1925,76,0
-246,149,1
901,601,0
894,509,0
592,174,0
3529,57,0
0,187,1
0,493,1
371,18,1
1,257,0
834,196,0
298,144,1
306,285,1
143,627,1
186,136,1
5597,27,1
1547,88,0
1852,362,1
1790,214,0
20,404,0
8652,103,1
1626,356,0
749,219,1
51,984,1
-1,60,0
-32,145,1
6850,252,2
333,129,0
-27,77,1
932,226,1
0,664,2
100,157,2
-626,205,1
9,484,0
653,800,2
3608,231,1
293,102,1
36,240,0
263,350,1
8366,458,0
2186,366,0
20453,115,0
105,260,0
440,327,1
519,434,1
19447,166,1
225,171,1
2548,577,1
0,224,2
2284,1088,1
40,79,1
364,52,2
174,259,0
10888,163,1
0,159,1
225,54,1
2131,421,2
-20,574,0
36,70,0
2642,310,1
400,223,1
1214,39,0
-292,181,0
1415,151,1
213,270,1
2540,110,0
3232,94,0
296,90,1
42,115,1
697,220,1
13156,291,0
1490,506,2
150,151,1
0,812,1
4210,119,0
1012,33,2
16063,352,1
5431,383,1
317,21,0
4787,266,0
225,866,1
3854,10,2
92,240,2
-10,291,1
-617,115,1
195,366,2
1172,153,1
0,197,1
0,106,2
-94,41,2
609,112,0
4,30,0
1121,211,2
355,313,2
3653,252,1
1097,181,2
436,118,1
4795,57,1
266,102,1
3357,239,1
101,187,1
10910,66,1
1568,206,1
0,239,0
305,7,1
31,260,1
452,347,1
5,697,1
7929,182,2
39,549,1
267,1151,1
4945,445,1
463,213,1
2116,409,0
59,873,2
131,147,1
107,85,1
-35,339,1
230,96,1
2679,195,0
493,622,1
256,101,0
-133,96,1
811,563,0
302,670,1
3529,190,1
75,351,0
999,215,1
7845,59,0
260,446,2
2048,310,0
1557,213,1
505,371,1
1536,54,1
0,118,1
439,212,1
44,81,1
295,157,1
190,194,1
3935,129,1
-17,474,1
175,219,0
4888,475,0
40,359,0
4460,168,1
98,148,2
330,197,0
13117,42,1
12877,118,1
1506,299,1
0,198,0
775,361,0
258,217,1
246,25,0
2146,1516,0
304,129,1
360,592,0
3316,331,1
6880,353,1
2189,256,1
5304,340,1
102,101,0
181,599,1
3953,610,1
6969,412,0
572,314,0
223,508,0
-396,127,1
164,212,2
2678,151,1
920,58,0
4554,8,2
623,297,0
967,180,1
1577,87,2
1,59,1
0,81,2
1166,207,0
3534,216,1
200,322,1
4790,137,1
-237,73,1
1335,371,1
603,298,1
577,101,0
0,110,1
163,107,0
1158,743,1
642,644,1
466,169,1
119,380,1
3436,663,1
238,238,1
378,514,1
32,128,2
315,130,0
6945,131,1
3496,111,1
0,169,0
309,346,0
0,205,0
668,576,0
1175,1476,1
363,171,0
38,185,0
1183,676,1
942,362,2
4196,193,1
297,63,1
-91,43,1
362,816,1
1080,951,0
620,1234,0
-166,85,2
288,306,1
642,509,1
2506,210,1
566,129,2
668,1263,1
1100,660,1
322,356,1
1205,45,1
473,624,0
-333,329,1
-3313,153,1
295,151,1
1137,129,1
1136,345,0
